S/N,Address (paste as hyperlink),Explorer link,Quantity,Percentage,Wallet Owner,Locked or Unlocked,Allocation,Note
1,0x8366a39CC670B4001A1121B8F6A443A643e40951,https://robin.etherscan.io/token/0x96f455a90a80dcf0c2df6703ea4ba3bedf286e43?a=0x8366a39CC670B4001A1121B8F6A443A643e40951,239756407,23.9756%,Liquidity pool (Uniswap v4 PoolManager),Unlocked,Liquidity provision,"Robinhood Chain, chain id 4663"
2,0x267444D099b10fB5Ed7c3Cc7B7c767AdcA574952,https://robin.etherscan.io/token/0x96f455a90a80dcf0c2df6703ea4ba3bedf286e43?a=0x267444D099b10fB5Ed7c3Cc7B7c767AdcA574952,81632653,8.1633%,"Public holder, not affiliated",Unlocked,Public sale,
3,0x022401D40B49d47E1592ABBbc4Bf03423B3c7EEc,https://robin.etherscan.io/token/0x96f455a90a80dcf0c2df6703ea4ba3bedf286e43?a=0x022401D40B49d47E1592ABBbc4Bf03423B3c7EEc,34387055,3.4387%,"Public holder, not affiliated",Unlocked,Public sale,
4,0x85440276679856184D929377EeF2c569A61E6A6d,https://robin.etherscan.io/token/0x96f455a90a80dcf0c2df6703ea4ba3bedf286e43?a=0x85440276679856184D929377EeF2c569A61E6A6d,27204067,2.7204%,"Public holder, not affiliated",Unlocked,Public sale,
5,0x0e49931340DA953C28A59B3C5Cb734922c109484,https://robin.etherscan.io/token/0x96f455a90a80dcf0c2df6703ea4ba3bedf286e43?a=0x0e49931340DA953C28A59B3C5Cb734922c109484,27069218,2.7069%,"Public holder, not affiliated",Unlocked,Public sale,
6,0xe6BA0dD41e31E34C9Dc4887A79ADE396a1eFb9C6,https://robin.etherscan.io/token/0x96f455a90a80dcf0c2df6703ea4ba3bedf286e43?a=0xe6BA0dD41e31E34C9Dc4887A79ADE396a1eFb9C6,25048170,2.5048%,"Public holder, not affiliated",Unlocked,Public sale,
7,0x6E0F36B683c3650e3e515868607751F72077CF54,https://robin.etherscan.io/token/0x96f455a90a80dcf0c2df6703ea4ba3bedf286e43?a=0x6E0F36B683c3650e3e515868607751F72077CF54,23243601,2.3244%,"Public holder, not affiliated",Unlocked,Public sale,
8,0xfC9ef68B1693fda4FE386BF72f4987C977272545,https://robin.etherscan.io/token/0x96f455a90a80dcf0c2df6703ea4ba3bedf286e43?a=0xfC9ef68B1693fda4FE386BF72f4987C977272545,23050402,2.3050%,"Public holder, not affiliated",Unlocked,Public sale,
9,0x482575e7073B2E83A7cb6DC7e2dd8f0be0d15CA0,https://robin.etherscan.io/token/0x96f455a90a80dcf0c2df6703ea4ba3bedf286e43?a=0x482575e7073B2E83A7cb6DC7e2dd8f0be0d15CA0,22368782,2.2369%,"Public holder, not affiliated",Unlocked,Public sale,
10,0x690De3A521741D3FbA8BD95923518E79772fFcBf,https://robin.etherscan.io/token/0x96f455a90a80dcf0c2df6703ea4ba3bedf286e43?a=0x690De3A521741D3FbA8BD95923518E79772fFcBf,21680294,2.1680%,"Public holder, not affiliated",Unlocked,Public sale,
11,0x23ad4067aF541ee28c7f5c69Eff348139Beb7BD8,https://robin.etherscan.io/token/0x96f455a90a80dcf0c2df6703ea4ba3bedf286e43?a=0x23ad4067aF541ee28c7f5c69Eff348139Beb7BD8,19224515,1.9225%,"Public holder, not affiliated",Unlocked,Public sale,
12,0x99F52e746852b3758Ed5958c86F2334B1647Bd05,https://robin.etherscan.io/token/0x96f455a90a80dcf0c2df6703ea4ba3bedf286e43?a=0x99F52e746852b3758Ed5958c86F2334B1647Bd05,17591701,1.7592%,"Public holder, not affiliated",Unlocked,Public sale,
13,0x2df938150dc552cf403275287Cc6120F13F0F00b,https://robin.etherscan.io/token/0x96f455a90a80dcf0c2df6703ea4ba3bedf286e43?a=0x2df938150dc552cf403275287Cc6120F13F0F00b,16853513,1.6854%,"Public holder, not affiliated",Unlocked,Public sale,
14,0x64E7a62EA08D2b31f398e1De196f349561375fFD,https://robin.etherscan.io/token/0x96f455a90a80dcf0c2df6703ea4ba3bedf286e43?a=0x64E7a62EA08D2b31f398e1De196f349561375fFD,15957347,1.5957%,"Public holder, not affiliated",Unlocked,Public sale,
15,0x08a2016373517568e9F2194ed4FB0ABba2852284,https://robin.etherscan.io/token/0x96f455a90a80dcf0c2df6703ea4ba3bedf286e43?a=0x08a2016373517568e9F2194ed4FB0ABba2852284,14074851,1.4075%,"Public holder, not affiliated",Unlocked,Public sale,
16,0xD2aaF7380310721Cc48bFFE41bf821a67f64561c,https://robin.etherscan.io/token/0x96f455a90a80dcf0c2df6703ea4ba3bedf286e43?a=0xD2aaF7380310721Cc48bFFE41bf821a67f64561c,13822545,1.3823%,"Public holder, not affiliated",Unlocked,Public sale,
17,0xFBC185a268Ae415fa1284DBe9789DD87e5986288,https://robin.etherscan.io/token/0x96f455a90a80dcf0c2df6703ea4ba3bedf286e43?a=0xFBC185a268Ae415fa1284DBe9789DD87e5986288,13416595,1.3417%,"Public holder, not affiliated",Unlocked,Public sale,
18,0x14B2F6ACe03f89C194d79E83A3fEDa573d6de583,https://robin.etherscan.io/token/0x96f455a90a80dcf0c2df6703ea4ba3bedf286e43?a=0x14B2F6ACe03f89C194d79E83A3fEDa573d6de583,13287353,1.3287%,"Public holder, not affiliated",Unlocked,Public sale,
19,0x3FB6DdAf5b64dcE8975B4EEbD2E9CB6d62B58865,https://robin.etherscan.io/token/0x96f455a90a80dcf0c2df6703ea4ba3bedf286e43?a=0x3FB6DdAf5b64dcE8975B4EEbD2E9CB6d62B58865,12988509,1.2989%,"Public holder, not affiliated",Unlocked,Public sale,
20,0x0428EF4923513f73D53FD6c28875574fc7ED0413,https://robin.etherscan.io/token/0x96f455a90a80dcf0c2df6703ea4ba3bedf286e43?a=0x0428EF4923513f73D53FD6c28875574fc7ED0413,12563852,1.2564%,"Public holder, not affiliated",Unlocked,Public sale,

Section B: reserve addresses
1,0x000000000000000000000000000000000000dEaD,https://robin.etherscan.io/token/0x96f455a90a80dcf0c2df6703ea4ba3bedf286e43?a=0x000000000000000000000000000000000000dEaD,7290319,0.7290%,Burn address (no owner),Locked,Burn,Tokens sent by the creator wallet; excluded from total and circulating supply

Rows 7 to 13 of the sheet
Circulating Supply,992709680
Total Supply,992709680
Max Supply,1000000000
API endpoint Total Supply,NA
API endpoint Circulating Supply,NA
Explorer Link,https://robin.etherscan.io/token/0x96f455a90a80dcf0c2df6703ea4ba3bedf286e43
Richlist link,https://robin.etherscan.io/token/0x96f455a90a80dcf0c2df6703ea4ba3bedf286e43#balances

Balances read from Robinhood Chain at block 76928452 on 30 September 2026. Team wallets holding VERDEX: none.
